{
  "schema_version": "1.0",
  "map_name": "Arbitrary indoor laboratory map",
  "map_path": "examples/maps/indoor_lab.yaml",
  "boundary_policy": "any_overlap",
  "cell_width_m": 0.9237604307034012,
  "cell_count": 109,
  "node_count": 4,
  "conflict_cell_count": 15,
  "clustering_iterations": 5,
  "clustering_converged": true,
  "clustering_profile": "deterministic_lloyd",
  "random_seed": null,
  "auction_bias": 0.5,
  "node_metrics": [
    {
      "node_id": "node-01",
      "cell_count": 26,
      "distance_m": 30.516680952821428
    },
    {
      "node_id": "node-02",
      "cell_count": 28,
      "distance_m": 30.277443776496916
    },
    {
      "node_id": "node-03",
      "cell_count": 28,
      "distance_m": 37.723225167056036
    },
    {
      "node_id": "node-04",
      "cell_count": 27,
      "distance_m": 35.73355039969029
    }
  ],
  "cell_count_range": 2,
  "cell_count_cv": 0.030427750370233025,
  "distance_range_m": 7.4457813905591195,
  "distance_cv": 0.09665433740449435,
  "makespan_distance_m": 37.723225167056036,
  "total_distance_m": 134.25090029606466,
  "timings": {
    "discretization_s": 0.02055889999610372,
    "clustering_s": 0.029121200001100078,
    "auction_s": 0.00021940001170150936,
    "path_planning_s": 0.0033224999788217247,
    "total_s": 0.05322410000371747
  }
}
