{
  "map": "Arbitrary indoor laboratory map",
  "deterministic_lloyd": {
    "profile": "deterministic_lloyd",
    "random_seed": null,
    "node_cell_counts": [
      26,
      28,
      28,
      27
    ],
    "node_distances_m": [
      30.516680952821428,
      30.277443776496916,
      37.723225167056036,
      35.73355039969029
    ],
    "conflict_cells": 15,
    "cell_count_range": 2,
    "makespan_distance_m": 37.723225167056036,
    "total_distance_m": 134.25090029606466,
    "runtime_s": 0.06785250001121312
  },
  "official_minibatch": {
    "profile": "official_minibatch",
    "random_seed": 0,
    "node_cell_counts": [
      23,
      38,
      19,
      29
    ],
    "node_distances_m": [
      44.971154706724306,
      50.655871196903654,
      30.277443776496913,
      41.60180612126224
    ],
    "conflict_cells": 19,
    "cell_count_range": 19,
    "makespan_distance_m": 50.655871196903654,
    "total_distance_m": 167.50627580138712,
    "runtime_s": 0.07928629999514669
  },
  "difference": {
    "conflict_cells": 4,
    "makespan_distance_m": 12.932646029847618,
    "total_distance_m": 33.25537550532246
  }
}
